stage,route,screen_goal,user_inputs,primary_cta,action_api,status_success_condition,blockers_ui,fail_states,error_code_to_action
LOGIN,/login,사용자 인증 획득,Email/Password 또는 OAuth,로그인,Supabase Auth SignIn,세션 유효 + 보호경로 접근 가능,["AUTH_MISSING"],"Auth Error","INVALID_CREDENTIALS -> retry"
APPLY_START,/apply,admission 신청 시작,없음,Admission 시작,POST /api/admission/start,admission_applications row 생성,["APPLICATION_NOT_STARTED"],"Start API Fail","START_FAILED -> retry"
IDENTITY,/apply/identity,신원 검증 완료,identityVerificationId (+name/phone optional),신원 검증 완료 제출,POST /api/verify/complete,identity_claims 존재,["IDENTITY_REQUIRED"],"Verification Fail","PORTONE_VERIFICATION_FAILED -> retry"
LIVENESS,/apply/liveness,실재 인물 검증 제출,provider/confidence/media_ref/purge_confirm,실재 인물 검증 완료 제출,POST /api/admission/liveness/verify,liveness_verified_at set,["LIVENESS_REQUIRED"],"Liveness Fail","LIVENESS_VERIFY_FAILED -> retry"
CONSENTS,/apply/consents,분리 동의 제출,consent checkboxes + typed phrases,동의 제출,POST /api/consent/submit,required consents complete,["CONSENTS_REQUIRED"],"Phrase Mismatch","ACK_PHRASE_MISMATCH -> retry"
DOCUMENTS,/apply/documents,공식 문서 4종 제출,file upload per doc,업로드 + AI 1차 심사,"POST /api/admission/document/upload + POST /api/admission/document/submit",required docs verified,["DOCUMENTS_REQUIRED"],"Upload/AI fail","DOCUMENT_UPLOAD_FAILED -> retry"
AI_DECISION,/apply/review,AI 자동결정 실행,none,AI 자동결정 재실행,POST /api/admission/review/submit,decision_run created,["AI_DECISION_PENDING"],"Decision Fail","REVIEW_SUBMIT_FAILED -> retry"
RESUBMIT_REQUIRED,/apply/documents,재제출 처리,resubmit docs,재업로드 + 재심사,same as DOCUMENTS,documents re-verified,["RESUBMISSION_REQUIRED"],"Repeated reject","RESUBMISSION_REQUIRED -> /apply/appeal"
REJECTED,/apply/status,거절 상태 확인,appeal reason,이의제기 제출,POST /api/admission/appeal/create,appeal status OPEN,["ADMISSION_REJECTED"],"Appeal fail","APPEAL_CREATE_FAILED -> retry"
EXCEPTION_REVIEW,/apply/status,예외 큐 대기,none,상태 새로고침,GET /api/me/status,review queue resolved,["EXCEPTION_REVIEW_REQUIRED"],"Queue delay","EXCEPTION_REVIEW_PENDING -> wait"
APPEAL_PENDING,/apply/status,항소 처리 대기,none,상태 새로고침,GET /api/me/status,appeal resolved,["APPEAL_PENDING"],"Queue delay","APPEAL_PENDING -> wait"
AUDIT_REVIEW,/apply/status,감사 처리 대기,none,상태 새로고침,GET /api/me/status,audit resolved,["AUDIT_REVIEW_PENDING"],"Queue delay","AUDIT_REVIEW_PENDING -> wait"
APPROVED,/apply/status,승인 결과 확인,none,상태 새로고침,GET /api/me/status,soul_issued_at not null,["SOUL_ISSUANCE_PENDING"],"Issuance delay","SOUL_ISSUANCE_PENDING -> wait"
SOUL_ISSUED,/apply/status,발급 완료 확인,none,대시보드 이동,GET /api/me/status,status ACTIVE,["ACTIVATION_PENDING"],"Activation delay","ACTIVATION_PENDING -> wait"
ACTIVE,/dashboard,핵심 기능 사용,none,기능 진입,N/A,ACTIVE + SOUL issued,[],"Access revoked","ACCOUNT_FROZEN -> /banned"
