method,path,auth_required,role,request_summary,response_summary,source_file
GET,/api/me/status,true,user,"Fetch current progression step","{ step, completed, next, blockers, meta }","apps/web/app/api/me/status/route.ts"
POST,/api/admin/zk/registry/upsert,true,admin,"Upsert ZK event schema","{ status, message, data }","apps/web/app/api/admin/zk/registry/upsert/route.ts"
POST,/api/admin/zk/registry/toggle,true,admin,"Enable/Disable ZK event","{ status, message, data }","apps/web/app/api/admin/zk/registry/toggle/route.ts"
POST,/api/admin/zk/snapshot,true,admin,"Trigger manual ETL snapshot","{ admin_status, pipeline_result }","apps/web/app/api/admin/zk/snapshot/route.ts"
POST,/api/admin/zk/rollup/prepare,true,admin,"Batch ready ZK receipts","{ admin_status, message, batch_id }","apps/web/app/api/admin/zk/rollup/prepare/route.ts"
POST,/api/admin/zk/reset,true,admin,"Truncate ZK tables (Dev only, x-dev-secret)","{ admin_status, message }","apps/web/app/api/admin/zk/reset/route.ts"
POST,/api/admin/zk/reconcile,true,admin,"Find mismatches between SSOT and ZK","{ missing_in_zk, hash_mismatches }","apps/web/app/api/admin/zk/reconcile/route.ts"
POST,/api/admin/zk/rebuild,true,admin,"Destroy and rebuild ZK layer","{ status }","apps/web/app/api/admin/zk/rebuild/route.ts"
POST,/api/verify/submit,true,user,"Submit KYC details","{ status }","apps/web/app/api/verify/submit/route.ts"
POST,/api/verify/complete,true,user,"Callback/Complete KYC","{ status, data }","apps/web/app/api/verify/complete/route.ts"
POST,/api/interview/next,true,user,"Get next interview question","{ question }","apps/web/app/api/interview/next/route.ts"
POST,/api/interview/finalize,true,user,"Finalize interview logic","{ decision_status }","apps/web/app/api/interview/finalize/route.ts"
GET,/api/mock-db,false,public,"Mock generic endpoint (DEV GUARDED)","{ ok }","apps/web/app/api/mock-db/route.ts"
POST,/api/integrity/merkle-snapshot,true,admin,"Snapshot merkle boundaries","{ root_hash }","apps/web/app/api/integrity/merkle-snapshot/route.ts"
POST,/api/airdrop/claim,true,user,"Claim anti-farming SOUL airdrop","{ status, claim_no, cohort, amount, ledger_id }","apps/web/app/api/airdrop/claim/route.ts"
POST,/api/treasury/spend,true,admin|cron,"Budget-enforced treasury spend","{ status, data }","apps/web/app/api/treasury/spend/route.ts"
